"CHD.FUN.150","Nepal Earthquake Flash Appeal 2015 - Overview of Requirements and Funding (Pledges)","fts-nepal-earthquake-2015","WLD","2015-04-30",108000,"http://fts.unocha.org/pageloader.aspx?page=emerg-emergencyDetails&emergID=16575"
"CHD.FUN.145","Total Funding to the Emergency: Nepal Earthquake - April 2015 (Pledges)","fts-nepal-earthquake-2015","WLD","2015-04-26",10070943,"http://fts.unocha.org/pageloader.aspx?page=emerg-emergencyDetails&emergID=16575"
"CHD.FUN.145","Total Funding to the Emergency: Nepal Earthquake - April 2015 (Pledges)","fts-nepal-earthquake-2015","WLD","2015-04-27",20132228,"http://fts.unocha.org/pageloader.aspx?page=emerg-emergencyDetails&emergID=16575"
"CHD.FUN.145","Total Funding to the Emergency: Nepal Earthquake - April 2015 (Pledges)","fts-nepal-earthquake-2015","WLD","2015-04-28",27836388,"http://fts.unocha.org/pageloader.aspx?page=emerg-emergencyDetails&emergID=16575"
"CHD.FUN.145","Total Funding to the Emergency: Nepal Earthquake - April 2015 (Pledges)","fts-nepal-earthquake-2015","WLD","2015-04-29",38509378,"http://fts.unocha.org/pageloader.aspx?page=emerg-emergencyDetails&emergID=16575"
"CHD.FUN.145","Total Funding to the Emergency: Nepal Earthquake - April 2015 (Pledges)","fts-nepal-earthquake-2015","WLD","2015-04-30",44333667,"http://fts.unocha.org/pageloader.aspx?page=emerg-emergencyDetails&emergID=16575"
"CHD.FUN.146","Total Funding to the Emergency: Nepal Earthquake - April 2015 (Funding)","fts-nepal-earthquake-2015","WLD","2015-04-01",1036269,"http://fts.unocha.org/pageloader.aspx?page=emerg-emergencyDetails&emergID=16575"
"CHD.FUN.146","Total Funding to the Emergency: Nepal Earthquake - April 2015 (Funding)","fts-nepal-earthquake-2015","WLD","2015-04-25",1047621,"http://fts.unocha.org/pageloader.aspx?page=emerg-emergencyDetails&emergID=16575"
"CHD.FUN.146","Total Funding to the Emergency: Nepal Earthquake - April 2015 (Funding)","fts-nepal-earthquake-2015","WLD","2015-04-26",21957140,"http://fts.unocha.org/pageloader.aspx?page=emerg-emergencyDetails&emergID=16575"
"CHD.FUN.146","Total Funding to the Emergency: Nepal Earthquake - April 2015 (Funding)","fts-nepal-earthquake-2015","WLD","2015-04-27",48993603,"http://fts.unocha.org/pageloader.aspx?page=emerg-emergencyDetails&emergID=16575"
"CHD.FUN.146","Total Funding to the Emergency: Nepal Earthquake - April 2015 (Funding)","fts-nepal-earthquake-2015","WLD","2015-04-28",53007242,"http://fts.unocha.org/pageloader.aspx?page=emerg-emergencyDetails&emergID=16575"
"CHD.FUN.146","Total Funding to the Emergency: Nepal Earthquake - April 2015 (Funding)","fts-nepal-earthquake-2015","WLD","2015-04-29",61038633,"http://fts.unocha.org/pageloader.aspx?page=emerg-emergencyDetails&emergID=16575"
"CHD.FUN.146","Total Funding to the Emergency: Nepal Earthquake - April 2015 (Funding)","fts-nepal-earthquake-2015","WLD","2015-04-30",66974186,"http://fts.unocha.org/pageloader.aspx?page=emerg-emergencyDetails&emergID=16575"
"CHD.FUN.146","Total Funding to the Emergency: Nepal Earthquake - April 2015 (Funding)","fts-nepal-earthquake-2015","WLD","2015-05-01",67326624,"http://fts.unocha.org/pageloader.aspx?page=emerg-emergencyDetails&emergID=16575"
"CHD.FUN.146","Total Funding to the Emergency: Nepal Earthquake - April 2015 (Funding)","fts-nepal-earthquake-2015","WLD","2015-06-01",67750353,"http://fts.unocha.org/pageloader.aspx?page=emerg-emergencyDetails&emergID=16575"
"CHD.FUN.148","Nepal Earthquake Flash Appeal 2015 - Overview of Requirements and Funding (Funding)","fts-nepal-earthquake-2015","WLD","2015-04-26",874039,"http://fts.unocha.org/pageloader.aspx?page=emerg-emergencyDetails&emergID=16575"
"CHD.FUN.148","Nepal Earthquake Flash Appeal 2015 - Overview of Requirements and Funding (Funding)","fts-nepal-earthquake-2015","WLD","2015-04-27",1199066,"http://fts.unocha.org/pageloader.aspx?page=emerg-emergencyDetails&emergID=16575"
"CHD.FUN.148","Nepal Earthquake Flash Appeal 2015 - Overview of Requirements and Funding (Funding)","fts-nepal-earthquake-2015","WLD","2015-04-28",2440778,"http://fts.unocha.org/pageloader.aspx?page=emerg-emergencyDetails&emergID=16575"
"CHD.FUN.148","Nepal Earthquake Flash Appeal 2015 - Overview of Requirements and Funding (Funding)","fts-nepal-earthquake-2015","WLD","2015-04-29",6026910,"http://fts.unocha.org/pageloader.aspx?page=emerg-emergencyDetails&emergID=16575"
"CHD.FUN.148","Nepal Earthquake Flash Appeal 2015 - Overview of Requirements and Funding (Funding)","fts-nepal-earthquake-2015","WLD","2015-04-30",6842921,"http://fts.unocha.org/pageloader.aspx?page=emerg-emergencyDetails&emergID=16575"
"CHD.FUN.148","Nepal Earthquake Flash Appeal 2015 - Overview of Requirements and Funding (Funding)","fts-nepal-earthquake-2015","WLD","2015-05-01",7072092,"http://fts.unocha.org/pageloader.aspx?page=emerg-emergencyDetails&emergID=16575"
"CHD.FUN.148","Nepal Earthquake Flash Appeal 2015 - Overview of Requirements and Funding (Funding)","fts-nepal-earthquake-2015","WLD","2015-06-01",7457300,"http://fts.unocha.org/pageloader.aspx?page=emerg-emergencyDetails&emergID=16575"
"CHD.FUN.147","Nepal Earthquake Flash Appeal 2015 - Overview of Requirements and Funding (Requested)","fts-nepal-earthquake-2015","WLD","2015-04-29",415194000,"http://fts.unocha.org/pageloader.aspx?page=emerg-emergencyDetails&emergID=16575"
"CHD.FUN.149","Nepal Earthquake Flash Appeal 2015 - Overview of Requirements and Funding (Coverage)","fts-nepal-earthquake-2015","WLD","2015-04-26",0.002,"http://fts.unocha.org/pageloader.aspx?page=emerg-emergencyDetails&emergID=16575"
"CHD.FUN.149","Nepal Earthquake Flash Appeal 2015 - Overview of Requirements and Funding (Coverage)","fts-nepal-earthquake-2015","WLD","2015-04-27",0.003,"http://fts.unocha.org/pageloader.aspx?page=emerg-emergencyDetails&emergID=16575"
"CHD.FUN.149","Nepal Earthquake Flash Appeal 2015 - Overview of Requirements and Funding (Coverage)","fts-nepal-earthquake-2015","WLD","2015-04-28",0.006,"http://fts.unocha.org/pageloader.aspx?page=emerg-emergencyDetails&emergID=16575"
"CHD.FUN.149","Nepal Earthquake Flash Appeal 2015 - Overview of Requirements and Funding (Coverage)","fts-nepal-earthquake-2015","WLD","2015-04-29",0.015,"http://fts.unocha.org/pageloader.aspx?page=emerg-emergencyDetails&emergID=16575"
"CHD.FUN.149","Nepal Earthquake Flash Appeal 2015 - Overview of Requirements and Funding (Coverage)","fts-nepal-earthquake-2015","WLD","2015-04-30",0.016,"http://fts.unocha.org/pageloader.aspx?page=emerg-emergencyDetails&emergID=16575"
"CHD.FUN.149","Nepal Earthquake Flash Appeal 2015 - Overview of Requirements and Funding (Coverage)","fts-nepal-earthquake-2015","WLD","2015-05-01",0.017,"http://fts.unocha.org/pageloader.aspx?page=emerg-emergencyDetails&emergID=16575"
"CHD.FUN.149","Nepal Earthquake Flash Appeal 2015 - Overview of Requirements and Funding (Coverage)","fts-nepal-earthquake-2015","WLD","2015-06-01",0.018,"http://fts.unocha.org/pageloader.aspx?page=emerg-emergencyDetails&emergID=16575"
